{
    "starter": [
        {
            "title": "Skinny Dippers"
        },
		{
            "title": "Swiss Appetizer Platter"
        },
		{
            "title": "4-Cheese Spinach Dip"
        },
		{
            "title": "Chalet Chicken Soup"
        }
        
    ],
    "rotisserie-chicken": [
       {
           
            "title": "Traditional Tomato Hand Breaded Chicken"
        },
        {
            
            "title": "Chicken Parmesan Kaiser"
        },
        {
            
            "title": "Crispy Buffalo Chicken Wrap"
        }
    ],
    "ribs": [
       {
            "title": "Rack BBQ Side Ribs"
        },
        {
            "title": "Half Rack Back Ribs"
        },
        {
            "title": "Full Rack Back Ribs"
        }
    ],
    "beverages": [
       {
            "title": "Whats On Tap"
        },
        {
            "title": "Cold Refreshments"
        },
        {
            "title": "Wine Selections"
        }
    ]
}